Qual vinho combina mais com carnes de caça?,recomendacaoVinho
Qual vinho é adequado para bacalhau?,recomendacaoVinho
QUal vinho você recomenda com Carnes vermelhas e massas?,recomendacaoVinho
Preciso de um vinho para combinar com peixe.,recomendacaoVinho
Preciso de um vinho que combine com frutos do mar.,recomendacaoVinho
Pretendo servir queijo branco como aperitivo. Qual é o vinho que melhor combina com este queijo?,recomendacaoVinho
Pretendo servir queijos curados como aperitivo. Qual é o vinho que melhor combina com este queijo?,recomendacaoVinho
Eu quero uma sugestão de vinho branco para acompanhar com carne vermelha.,recomendacaoVinho
O que combina com queijo?,recomendacaoVinho
O que combina com carne?,recomendacaoVinho
Vou dar um jantar em casa. Qual vinho devo comprar?,recomendacaoVinho
Vou servir uma massa no almoço. Qual é o vinho que melhor combina?,recomendacaoVinho
Pretendo servir queijo como aperitivo. Qual é o vinho que melhor combina?,recomendacaoVinho
Tenho um vinho tinto - que prato preparar?,recomendacaoVinho
Tenho um vinho tinto francês Les Violettes. Que prato você sugere que eu devo fazer para acompanhar este vinho?,recomendacaoPrato
Tenho um vinho chileno Rosé Céfiro. Que prato eu devo preparar?,recomendacaoPrato
Tenho um vinho chileno Branco Chardonnay. Qual refeição combina?,recomendacaoPrato
Tenho um vinho Português Branco João Portugal Ramos Alvarinho. Que prato combina?,recomendacaoPrato
Tenho um vinho português Branco Alentejano Montado.,recomendacaoPrato
Tenho um vinho português Branco Dory Colheita. Qual prato devo escolher?,recomendacaoPrato
Qual prato combina com um vinho argentino Tinto Cadus Signature Series Petit Verdot.,recomendacaoPrato
Que refeição vai bem com um vinho tipo tinto da Haut Fourat Bordeaux?,recomendacaoPrato
O que combina com vinho tinto?,recomendacaoPrato
O que combina com vinho branco?,recomendacaoPrato
Tenho um vinho tinto, que prato preparar?,recomendacaoPrato
Tenho um vinho, que prato preparar?,recomendacaoPrato
Que prato preparar?,recomendacaoPrato
Que prato combina com o vinho que tenho?,recomendacaoPrato